{
    "generated_at":  "2026-05-18T20:47:52.0091836-03:00",
    "program":  "benchmarks/crosslang/matter/loop_sum.matter",
    "runs":  5,
    "timings_ms":  {
                       "cargo_run_source_median":  32392.0373,
                       "cli_binary_source_median":  5202.5612,
                       "cli_binary_bytecode_median":  5208.8914,
                       "vm_internal_benchmark_median":  4900.2776
                   },
    "overhead_estimates_ms":  {
                                  "cargo_wrapper_overhead":  27189.4761,
                                  "cli_startup_plus_compile_overhead":  302.28359999999975,
                                  "cli_startup_overhead_on_bytecode":  308.61380000000008
                              },
    "raw_runs_ms":  {
                        "cargo_run_source":  [
                                                 32858.6039,
                                                 32392.0373,
                                                 33255.7323,
                                                 30950.221700000002,
                                                 30651.885100000003
                                             ],
                        "cli_binary_source":  [
                                                  5423.5337,
                                                  5050.0208,
                                                  5346.7085000000006,
                                                  5145.312,
                                                  5202.5612
                                              ],
                        "cli_binary_bytecode":  [
                                                    5274.8605000000007,
                                                    5381.1018,
                                                    5163.779,
                                                    5208.8914,
                                                    4902.8759
                                                ]
                    }
}
